,frame,model,detections,avg_confidence,small_objects,runtime_s,fps_estimate
0,0,YOLOv8n,8,0.56,1,0.0795,12.57
1,0,Faster R-CNN,33,0.61,22,2.2403,0.45
2,5,YOLOv8n,7,0.624,0,0.0564,17.74
3,5,Faster R-CNN,31,0.703,17,2.5851,0.39
4,10,YOLOv8n,7,0.547,0,0.0628,15.92
5,10,Faster R-CNN,34,0.654,21,2.6414,0.38
6,15,YOLOv8n,9,0.598,1,0.078,12.83
7,15,Faster R-CNN,29,0.662,16,2.5743,0.39
8,20,YOLOv8n,9,0.596,2,0.0701,14.27
9,20,Faster R-CNN,29,0.659,15,2.5939,0.39
10,25,YOLOv8n,8,0.623,0,0.0693,14.42
11,25,Faster R-CNN,28,0.699,16,2.5932,0.39
12,30,YOLOv8n,8,0.653,2,0.0635,15.74
13,30,Faster R-CNN,36,0.641,24,2.6692,0.37
14,35,YOLOv8n,6,0.663,1,0.062,16.13
15,35,Faster R-CNN,35,0.631,20,2.6414,0.38
16,40,YOLOv8n,7,0.58,2,0.0581,17.23
17,40,Faster R-CNN,34,0.609,22,2.5778,0.39
18,45,YOLOv8n,9,0.606,4,0.0681,14.69
19,45,Faster R-CNN,30,0.639,18,2.5154,0.4
20,50,YOLOv8n,7,0.654,2,0.0703,14.22
21,50,Faster R-CNN,30,0.635,17,2.5228,0.4
22,55,YOLOv8n,7,0.682,2,0.0737,13.56
23,55,Faster R-CNN,35,0.603,24,2.6218,0.38
24,60,YOLOv8n,8,0.682,2,0.0555,18.02
25,60,Faster R-CNN,34,0.6,15,2.5675,0.39
26,65,YOLOv8n,8,0.641,3,0.0591,16.91
27,65,Faster R-CNN,45,0.583,30,2.5327,0.39
28,70,YOLOv8n,8,0.647,2,0.0579,17.29
29,70,Faster R-CNN,43,0.613,32,2.5183,0.4
30,75,YOLOv8n,10,0.541,4,0.0666,15.01
31,75,Faster R-CNN,37,0.634,22,2.5586,0.39
32,80,YOLOv8n,8,0.596,1,0.0606,16.5
33,80,Faster R-CNN,36,0.62,22,2.5935,0.39
34,85,YOLOv8n,6,0.65,2,0.0667,14.98
35,85,Faster R-CNN,43,0.611,28,2.5688,0.39
36,90,YOLOv8n,7,0.572,0,0.0561,17.81
37,90,Faster R-CNN,34,0.645,18,2.4241,0.41
38,95,YOLOv8n,7,0.623,1,0.068,14.71
39,95,Faster R-CNN,35,0.658,22,2.4593,0.41
40,100,YOLOv8n,6,0.616,0,0.0609,16.42
41,100,Faster R-CNN,41,0.641,26,2.5435,0.39
42,105,YOLOv8n,9,0.477,2,0.0666,15.02
43,105,Faster R-CNN,40,0.635,24,2.4756,0.4
44,110,YOLOv8n,9,0.491,3,0.0792,12.62
45,110,Faster R-CNN,35,0.701,23,2.4629,0.41
46,115,YOLOv8n,7,0.525,3,0.0691,14.47
47,115,Faster R-CNN,40,0.664,25,2.5288,0.4
48,120,YOLOv8n,9,0.459,3,0.0618,16.19
49,120,Faster R-CNN,46,0.623,31,2.5703,0.39
50,125,YOLOv8n,6,0.56,2,0.0631,15.85
51,125,Faster R-CNN,43,0.611,20,2.4506,0.41
52,130,YOLOv8n,8,0.501,2,0.0749,13.36
53,130,Faster R-CNN,40,0.637,20,2.6596,0.38
54,135,YOLOv8n,7,0.506,2,0.0763,13.1
55,135,Faster R-CNN,37,0.653,19,2.5793,0.39
56,140,YOLOv8n,6,0.515,2,0.0674,14.84
57,140,Faster R-CNN,35,0.647,17,2.7082,0.37
58,145,YOLOv8n,9,0.458,4,0.0675,14.82
59,145,Faster R-CNN,32,0.664,14,2.6704,0.37
60,150,YOLOv8n,11,0.5,4,0.0594,16.84
61,150,Faster R-CNN,27,0.668,13,2.6357,0.38
62,155,YOLOv8n,12,0.478,5,0.0658,15.19
63,155,Faster R-CNN,31,0.663,16,2.5922,0.39
64,160,YOLOv8n,13,0.474,6,0.0686,14.57
65,160,Faster R-CNN,36,0.656,21,2.5478,0.39
66,165,YOLOv8n,12,0.512,6,0.0829,12.06
67,165,Faster R-CNN,39,0.668,25,2.6384,0.38
68,170,YOLOv8n,10,0.521,5,0.0661,15.12
69,170,Faster R-CNN,38,0.642,24,2.5731,0.39
70,175,YOLOv8n,12,0.507,6,0.0768,13.02
71,175,Faster R-CNN,37,0.628,24,2.6886,0.37
72,180,YOLOv8n,11,0.513,6,0.0785,12.74
73,180,Faster R-CNN,36,0.652,25,2.6649,0.38
74,185,YOLOv8n,9,0.51,5,0.0625,15.99
75,185,Faster R-CNN,40,0.656,30,2.6411,0.38
76,190,YOLOv8n,9,0.491,4,0.0641,15.6
77,190,Faster R-CNN,35,0.679,26,2.6465,0.38
78,195,YOLOv8n,12,0.448,6,0.0764,13.09
79,195,Faster R-CNN,42,0.676,32,2.5984,0.38
80,200,YOLOv8n,8,0.468,4,0.061,16.4
81,200,Faster R-CNN,40,0.643,30,2.5639,0.39
82,205,YOLOv8n,9,0.496,4,0.0714,14.01
83,205,Faster R-CNN,31,0.698,22,2.5651,0.39
84,210,YOLOv8n,10,0.443,3,0.0689,14.52
85,210,Faster R-CNN,28,0.746,19,2.5806,0.39
86,215,YOLOv8n,10,0.487,3,0.0707,14.15
87,215,Faster R-CNN,33,0.668,24,2.658,0.38
88,220,YOLOv8n,8,0.522,2,0.0843,11.87
89,220,Faster R-CNN,40,0.633,29,2.5624,0.39
90,225,YOLOv8n,10,0.439,4,0.0769,13
91,225,Faster R-CNN,32,0.685,22,2.6217,0.38
92,230,YOLOv8n,5,0.564,1,0.0721,13.87
93,230,Faster R-CNN,31,0.706,21,2.5357,0.39
94,235,YOLOv8n,6,0.495,3,0.0691,14.47
95,235,Faster R-CNN,33,0.671,22,2.6946,0.37
96,240,YOLOv8n,6,0.53,2,0.0631,15.84
97,240,Faster R-CNN,36,0.673,24,2.4488,0.41
98,245,YOLOv8n,10,0.476,6,0.0623,16.05
99,245,Faster R-CNN,31,0.706,21,2.3971,0.42
100,250,YOLOv8n,10,0.512,6,0.0554,18.04
101,250,Faster R-CNN,35,0.668,25,2.3875,0.42
102,255,YOLOv8n,9,0.491,5,0.066,15.15
103,255,Faster R-CNN,34,0.673,23,2.4032,0.42
104,260,YOLOv8n,8,0.497,5,0.0646,15.48
105,260,Faster R-CNN,34,0.678,21,2.2818,0.44
106,265,YOLOv8n,11,0.502,7,0.0556,17.99
107,265,Faster R-CNN,34,0.676,22,2.2941,0.44
108,270,YOLOv8n,7,0.515,5,0.0617,16.21
109,270,Faster R-CNN,38,0.678,26,2.3271,0.43
110,275,YOLOv8n,10,0.469,6,0.0597,16.76
111,275,Faster R-CNN,39,0.682,30,2.1753,0.46
112,280,YOLOv8n,9,0.529,7,0.0654,15.28
113,280,Faster R-CNN,36,0.66,24,2.1754,0.46
114,285,YOLOv8n,7,0.515,3,0.052,19.24
115,285,Faster R-CNN,34,0.697,22,2.1576,0.46
116,290,YOLOv8n,7,0.495,4,0.0551,18.15
117,290,Faster R-CNN,34,0.719,23,2.2091,0.45
118,295,YOLOv8n,5,0.594,2,0.0561,17.83
119,295,Faster R-CNN,35,0.678,24,2.3075,0.43
120,300,YOLOv8n,7,0.483,3,0.0519,19.25
121,300,Faster R-CNN,33,0.672,21,2.2164,0.45
122,305,YOLOv8n,6,0.556,2,0.0604,16.57
123,305,Faster R-CNN,40,0.628,26,2.1894,0.46
124,310,YOLOv8n,8,0.552,4,0.0548,18.25
125,310,Faster R-CNN,32,0.727,21,2.2187,0.45
126,315,YOLOv8n,8,0.551,4,0.0565,17.69
127,315,Faster R-CNN,28,0.769,16,2.185,0.46
128,320,YOLOv8n,9,0.535,5,0.0554,18.05
129,320,Faster R-CNN,33,0.708,19,2.2034,0.45
130,325,YOLOv8n,9,0.531,6,0.0513,19.48
131,325,Faster R-CNN,31,0.711,18,2.2067,0.45
132,330,YOLOv8n,8,0.502,4,0.058,17.25
133,330,Faster R-CNN,28,0.765,16,2.1822,0.46
134,335,YOLOv8n,10,0.517,5,0.06,16.67
135,335,Faster R-CNN,32,0.68,20,2.1538,0.46
136,340,YOLOv8n,9,0.54,4,0.0631,15.85
137,340,Faster R-CNN,30,0.709,19,2.1723,0.46
138,345,YOLOv8n,8,0.574,4,0.074,13.51
139,345,Faster R-CNN,32,0.692,18,2.2725,0.44
140,350,YOLOv8n,9,0.524,5,0.0498,20.06
141,350,Faster R-CNN,29,0.721,17,2.1744,0.46
142,355,YOLOv8n,10,0.437,3,0.0554,18.05
143,355,Faster R-CNN,38,0.671,23,2.2176,0.45
144,360,YOLOv8n,8,0.513,2,0.0568,17.59
145,360,Faster R-CNN,38,0.653,25,2.1855,0.46
146,365,YOLOv8n,8,0.503,4,0.0597,16.76
147,365,Faster R-CNN,33,0.649,20,2.2152,0.45
148,370,YOLOv8n,8,0.538,3,0.0549,18.21
149,370,Faster R-CNN,30,0.705,15,2.2258,0.45
150,375,YOLOv8n,8,0.493,3,0.06,16.67
151,375,Faster R-CNN,33,0.693,19,2.2142,0.45
152,380,YOLOv8n,6,0.558,2,0.051,19.61
153,380,Faster R-CNN,37,0.668,25,2.1953,0.46
154,385,YOLOv8n,8,0.503,3,0.053,18.88
155,385,Faster R-CNN,40,0.662,27,2.1719,0.46
156,390,YOLOv8n,6,0.558,3,0.0567,17.65
157,390,Faster R-CNN,37,0.652,24,2.2096,0.45
158,395,YOLOv8n,6,0.552,3,0.0576,17.35
159,395,Faster R-CNN,28,0.712,17,2.1473,0.47
160,400,YOLOv8n,6,0.52,3,0.0576,17.36
161,400,Faster R-CNN,30,0.683,19,2.1974,0.46
162,405,YOLOv8n,7,0.556,2,0.0535,18.69
163,405,Faster R-CNN,31,0.671,19,2.1818,0.46
164,410,YOLOv8n,10,0.489,3,0.0657,15.21
165,410,Faster R-CNN,31,0.666,19,2.1433,0.47
166,415,YOLOv8n,7,0.575,2,0.0536,18.66
167,415,Faster R-CNN,30,0.715,16,2.1849,0.46
168,420,YOLOv8n,6,0.549,2,0.0529,18.9
169,420,Faster R-CNN,30,0.739,20,2.1614,0.46
170,425,YOLOv8n,8,0.566,3,0.0596,16.78
171,425,Faster R-CNN,31,0.683,18,2.1874,0.46
172,430,YOLOv8n,8,0.584,2,0.0571,17.5
173,430,Faster R-CNN,36,0.637,24,2.1425,0.47
174,435,YOLOv8n,9,0.559,3,0.0563,17.75
175,435,Faster R-CNN,32,0.677,20,2.1784,0.46
176,440,YOLOv8n,9,0.505,2,0.0598,16.73
177,440,Faster R-CNN,29,0.745,20,2.1664,0.46
178,445,YOLOv8n,11,0.532,2,0.0609,16.43
179,445,Faster R-CNN,30,0.648,22,2.1789,0.46
180,450,YOLOv8n,10,0.516,3,0.053,18.88
181,450,Faster R-CNN,29,0.695,18,2.161,0.46
182,455,YOLOv8n,10,0.484,4,0.0508,19.7
183,455,Faster R-CNN,25,0.711,13,2.1814,0.46
184,460,YOLOv8n,8,0.63,2,0.0579,17.28
185,460,Faster R-CNN,26,0.69,16,2.1836,0.46
186,465,YOLOv8n,8,0.601,3,0.0549,18.22
187,465,Faster R-CNN,21,0.779,12,2.1819,0.46
188,470,YOLOv8n,7,0.622,2,0.0551,18.14
189,470,Faster R-CNN,28,0.698,16,2.2121,0.45
190,475,YOLOv8n,8,0.569,2,0.0722,13.85
191,475,Faster R-CNN,25,0.735,14,2.278,0.44
192,480,YOLOv8n,11,0.529,3,0.0605,16.54
193,480,Faster R-CNN,32,0.677,19,2.2187,0.45
194,485,YOLOv8n,11,0.539,2,0.0572,17.48
195,485,Faster R-CNN,27,0.734,15,2.2294,0.45
196,490,YOLOv8n,11,0.42,4,0.0511,19.55
197,490,Faster R-CNN,22,0.711,13,2.2161,0.45
198,495,YOLOv8n,5,0.539,2,0.0539,18.57
199,495,Faster R-CNN,20,0.677,13,2.2316,0.45
200,500,YOLOv8n,7,0.509,3,0.0538,18.6
201,500,Faster R-CNN,18,0.616,10,2.2631,0.44
202,505,YOLOv8n,6,0.569,2,0.0572,17.49
203,505,Faster R-CNN,15,0.655,8,2.2266,0.45
204,510,YOLOv8n,5,0.583,1,0.0589,16.99
205,510,Faster R-CNN,19,0.62,9,2.1471,0.47
206,515,YOLOv8n,4,0.589,1,0.0565,17.69
207,515,Faster R-CNN,20,0.602,11,2.1341,0.47
208,520,YOLOv8n,7,0.513,2,0.0573,17.45
209,520,Faster R-CNN,21,0.588,12,2.1624,0.46
210,525,YOLOv8n,5,0.567,1,0.0618,16.19
211,525,Faster R-CNN,21,0.587,13,2.2193,0.45
212,530,YOLOv8n,5,0.607,1,0.0538,18.6
213,530,Faster R-CNN,21,0.573,12,2.1758,0.46
214,535,YOLOv8n,5,0.594,1,0.0588,17
215,535,Faster R-CNN,20,0.594,12,2.1785,0.46
216,540,YOLOv8n,5,0.549,1,0.0711,14.07
217,540,Faster R-CNN,20,0.615,12,2.2077,0.45
218,545,YOLOv8n,5,0.628,1,0.0524,19.07
219,545,Faster R-CNN,23,0.578,14,2.1597,0.46
220,550,YOLOv8n,4,0.688,1,0.0566,17.67
221,550,Faster R-CNN,23,0.615,13,2.1951,0.46
222,555,YOLOv8n,5,0.591,1,0.057,17.54
223,555,Faster R-CNN,20,0.619,9,2.1986,0.45
224,560,YOLOv8n,5,0.561,2,0.0569,17.58
225,560,Faster R-CNN,19,0.644,9,2.1743,0.46
226,565,YOLOv8n,5,0.57,2,0.0588,17.02
227,565,Faster R-CNN,18,0.627,8,2.2595,0.44
228,570,YOLOv8n,6,0.545,3,0.0554,18.05
229,570,Faster R-CNN,16,0.675,9,2.1782,0.46
230,575,YOLOv8n,7,0.464,4,0.0573,17.44
231,575,Faster R-CNN,15,0.657,7,2.162,0.46
232,580,YOLOv8n,6,0.526,3,0.0551,18.16
233,580,Faster R-CNN,17,0.636,9,2.1811,0.46
234,585,YOLOv8n,7,0.472,3,0.0559,17.88
235,585,Faster R-CNN,18,0.61,7,2.2475,0.44
